{"cameraMode":{"drawMode":0,"name":"Shaded","section":"Shading Mode"},"sceneLighting":true,"audioPlay":false,"sceneViewState":{"showFog":true,"showMaterialUpdate":false,"showSkybox":true,"showFlares":true,"showImageEffects":true,"showParticleSystems":true},"in2DMode":false,"pivot":{"x":184.39999389648438,"y":109.30000305175781,"z":0.0},"rotation":{"x":-0.30074071884155276,"y":-0.3133333921432495,"z":0.1053362637758255,"w":-0.8945847153663635},"size":81.39410400390625,"orthographic":false}